{
  "mode": "incremental",
  "config": {
    "N": 10,
    "seed": 42,
    "ner_dir": "/home/stu1/s7/sp7289/Capstone/baselines/out/ner",
    "rel_dir": "/home/stu1/s7/sp7289/Capstone/baselines/out/relation",
    "num_texts": 5,
    "baselines": [
      "1",
      "2",
      "3"
    ]
  },
  "baseline_1": {
    "stats": {
      "ged_consecutive": {
        "mean": 2.625,
        "std": 1.2544791543576754,
        "ci_lower": 2.2237981025740234,
        "ci_upper": 3.0262018974259766
      },
      "jaccard_consecutive": {
        "mean": 0.0,
        "std": 0.0,
        "ci_lower": 0.0,
        "ci_upper": 0.0
      },
      "unsupported_rate": {
        "mean": 0.0,
        "std": 0.0,
        "ci_lower": 0.0,
        "ci_upper": 0.0
      },
      "conflict_precision": {
        "mean": 1.0,
        "std": 0.0,
        "ci_lower": 1.0,
        "ci_upper": 1.0
      }
    },
    "ged_consecutive": [
      2,
      4,
      3,
      1,
      4,
      4,
      1,
      1,
      2,
      4,
      4,
      1,
      4,
      4,
      1,
      1,
      1,
      4,
      4,
      2,
      4,
      2,
      2,
      1,
      2,
      2,
      4,
      3,
      1,
      2,
      4,
      4,
      1,
      2,
      4,
      4,
      3,
      4,
      2,
      2
    ],
    "jaccard_consecutive": [
      0.0,
      0.0,
      0.0,
      0.0,
      0.0,
      0.0,
      0.0,
      0.0,
      0.0,
      0.0,
      0.0,
      0.0,
      0.0,
      0.0,
      0.0,
      0.0,
      0.0,
      0.0,
      0.0,
      0.0,
      0.0,
      0.0,
      0.0,
      0.0,
      0.0,
      0.0,
      0.0,
      0.0,
      0.0,
      0.0,
      0.0,
      0.0,
      0.0,
      0.0,
      0.0,
      0.0,
      0.0,
      0.0,
      0.0,
      0.0
    ],
    "unsupported_rate": [
      0.0,
      0.0,
      0.0,
      0.0,
      0.0,
      0.0,
      0.0,
      0.0,
      0.0,
      0.0
    ],
    "conflict_precision": [
      1.0,
      1.0,
      1.0,
      1.0,
      1.0,
      1.0,
      1.0,
      1.0,
      1.0,
      1.0
    ]
  },
  "baseline_2": {
    "stats": {
      "ged_consecutive": {
        "mean": 2.625,
        "std": 1.2544791543576754,
        "ci_lower": 2.2237981025740234,
        "ci_upper": 3.0262018974259766
      },
      "jaccard_consecutive": {
        "mean": 0.0,
        "std": 0.0,
        "ci_lower": 0.0,
        "ci_upper": 0.0
      },
      "unsupported_rate": {
        "mean": 0.0,
        "std": 0.0,
        "ci_lower": 0.0,
        "ci_upper": 0.0
      },
      "conflict_precision": {
        "mean": 1.0,
        "std": 0.0,
        "ci_lower": 1.0,
        "ci_upper": 1.0
      }
    },
    "ged_consecutive": [
      2,
      4,
      3,
      1,
      4,
      4,
      1,
      1,
      2,
      4,
      4,
      1,
      4,
      4,
      1,
      1,
      1,
      4,
      4,
      2,
      4,
      2,
      2,
      1,
      2,
      2,
      4,
      3,
      1,
      2,
      4,
      4,
      1,
      2,
      4,
      4,
      3,
      4,
      2,
      2
    ],
    "jaccard_consecutive": [
      0.0,
      0.0,
      0.0,
      0.0,
      0.0,
      0.0,
      0.0,
      0.0,
      0.0,
      0.0,
      0.0,
      0.0,
      0.0,
      0.0,
      0.0,
      0.0,
      0.0,
      0.0,
      0.0,
      0.0,
      0.0,
      0.0,
      0.0,
      0.0,
      0.0,
      0.0,
      0.0,
      0.0,
      0.0,
      0.0,
      0.0,
      0.0,
      0.0,
      0.0,
      0.0,
      0.0,
      0.0,
      0.0,
      0.0,
      0.0
    ],
    "unsupported_rate": [
      0.0,
      0.0,
      0.0,
      0.0,
      0.0,
      0.0,
      0.0,
      0.0,
      0.0,
      0.0
    ],
    "conflict_precision": [
      1.0,
      1.0,
      1.0,
      1.0,
      1.0,
      1.0,
      1.0,
      1.0,
      1.0,
      1.0
    ]
  },
  "baseline_3": {
    "stats": {
      "ged_consecutive": {
        "mean": 2.875,
        "std": 1.8836339673824432,
        "ci_lower": 2.2725846317216782,
        "ci_upper": 3.4774153682783218
      },
      "jaccard_consecutive": {
        "mean": 0.1,
        "std": 0.3038218101251,
        "ci_lower": 0.00283307117686013,
        "ci_upper": 0.19716692882313988
      },
      "unsupported_rate": {
        "mean": 1.0,
        "std": 0.0,
        "ci_lower": 1.0,
        "ci_upper": 1.0
      },
      "conflict_precision": {
        "mean": 1.0,
        "std": 0.0,
        "ci_lower": 1.0,
        "ci_upper": 1.0
      }
    },
    "ged_consecutive": [
      3,
      6,
      4,
      1,
      3,
      3,
      1,
      4,
      3,
      6,
      3,
      1,
      6,
      3,
      1,
      1,
      1,
      3,
      3,
      3,
      6,
      3,
      0,
      1,
      3,
      0,
      3,
      4,
      1,
      3,
      6,
      3,
      1,
      0,
      3,
      6,
      4,
      6,
      3,
      0
    ],
    "jaccard_consecutive": [
      0.0,
      0.0,
      0.0,
      0.0,
      0.0,
      0.0,
      0.0,
      0.0,
      0.0,
      0.0,
      0.0,
      0.0,
      0.0,
      0.0,
      0.0,
      0.0,
      0.0,
      0.0,
      0.0,
      0.0,
      0.0,
      0.0,
      1.0,
      0.0,
      0.0,
      1.0,
      0.0,
      0.0,
      0.0,
      0.0,
      0.0,
      0.0,
      0.0,
      1.0,
      0.0,
      0.0,
      0.0,
      0.0,
      0.0,
      1.0
    ],
    "unsupported_rate": [
      1.0,
      1.0,
      1.0,
      1.0,
      1.0,
      1.0,
      1.0,
      1.0,
      1.0,
      1.0
    ],
    "conflict_precision": [
      1.0,
      1.0,
      1.0,
      1.0,
      1.0,
      1.0,
      1.0,
      1.0,
      1.0,
      1.0
    ]
  }
}